deviceId,name,location,type,assetId
DVID000001,"device 1 name","location 1","device type 1",86370303004640
DVID000002,"device 2 name","location 2","device type 2",86370303028007
DVID000003,"device 3 name","location 3","device type 3",86370303037193
DVID000004,"device 4 name","location 4","device type 4",86370303059900
DVID000005,"device 5 name","location 5","device type 5",86370303033089
DVID000006,"device 6 name","location 6","device type 6",86370303036685
DVID000007,"device 7 name","location 7","device type 7",86370303030221
DVID000008,"device 8 name","location 8","device type 8",86370303096767
DVID000009,"device 9 name","location 9","device type 9",86370303089306
DVID0000010,"device 10 name","location 10","device type 10",86370303084919
DVID0000011,"device 11 name","location 11","device type 11",86370303021214
DVID0000012,"device 12 name","location 12","device type 12",86370303080165
DVID0000013,"device 13 name","location 13","device type 13",86370303055092
DVID0000014,"device 14 name","location 14","device type 14",86370303041940
DVID0000015,"device 15 name","location 15","device type 15",86370303000802
DVID0000016,"device 16 name","location 16","device type 16",86370303050409
DVID0000017,"device 17 name","location 17","device type 17",86370303001317
DVID0000018,"device 18 name","location 18","device type 18",86370303043427
DVID0000019,"device 19 name","location 19","device type 19",86370303020829
DVID0000020,"device 20 name","location 20","device type 20",86370303036340
DVID0000021,"device 21 name","location 21","device type 21",86370303069110
DVID0000022,"device 22 name","location 22","device type 22",86370303023266
DVID0000023,"device 23 name","location 23","device type 23",86370303038968
DVID0000024,"device 24 name","location 24","device type 24",86370303055668
DVID0000025,"device 25 name","location 25","device type 25",86370303076021
DVID0000026,"device 26 name","location 26","device type 26",86370303088211
DVID0000027,"device 27 name","location 27","device type 27",86370303004272
DVID0000028,"device 28 name","location 28","device type 28",86370303091048
DVID0000029,"device 29 name","location 29","device type 29",86370303006100
DVID0000030,"device 30 name","location 30","device type 30",86370303083312
DVID0000031,"device 31 name","location 31","device type 31",86370303085412
DVID0000032,"device 32 name","location 32","device type 32",86370303099162
DVID0000033,"device 33 name","location 33","device type 33",86370303014475
DVID0000034,"device 34 name","location 34","device type 34",86370303092720
DVID0000035,"device 35 name","location 35","device type 35",86370303037115
DVID0000036,"device 36 name","location 36","device type 36",86370303088776
DVID0000037,"device 37 name","location 37","device type 37",86370303039635
DVID0000038,"device 38 name","location 38","device type 38",86370303040204
DVID0000039,"device 39 name","location 39","device type 39",86370303067203
DVID0000040,"device 40 name","location 40","device type 40",86370303045366
DVID0000041,"device 41 name","location 41","device type 41",86370303068945
DVID0000042,"device 42 name","location 42","device type 42",86370303081310
DVID0000043,"device 43 name","location 43","device type 43",86370303088299
DVID0000044,"device 44 name","location 44","device type 44",86370303077434
DVID0000045,"device 45 name","location 45","device type 45",86370303062549
DVID0000046,"device 46 name","location 46","device type 46",86370303052791
DVID0000047,"device 47 name","location 47","device type 47",86370303011170
DVID0000048,"device 48 name","location 48","device type 48",86370303036185
DVID0000049,"device 49 name","location 49","device type 49",86370303005598
DVID0000050,"device 50 name","location 50","device type 50",86370303097506
DVID0000051,"device 51 name","location 51","device type 51",86370303072892
DVID0000052,"device 52 name","location 52","device type 52",86370303039326
DVID0000053,"device 53 name","location 53","device type 53",86370303090846
DVID0000054,"device 54 name","location 54","device type 54",86370303081962
DVID0000055,"device 55 name","location 55","device type 55",86370303067494
DVID0000056,"device 56 name","location 56","device type 56",86370303081373
DVID0000057,"device 57 name","location 57","device type 57",86370303089038
DVID0000058,"device 58 name","location 58","device type 58",86370303081523
DVID0000059,"device 59 name","location 59","device type 59",86370303083877
DVID0000060,"device 60 name","location 60","device type 60",86370303044877
DVID0000061,"device 61 name","location 61","device type 61",86370303032413
DVID0000062,"device 62 name","location 62","device type 62",86370303039172
DVID0000063,"device 63 name","location 63","device type 63",86370303090666
DVID0000064,"device 64 name","location 64","device type 64",86370303005993
DVID0000065,"device 65 name","location 65","device type 65",86370303099505
DVID0000066,"device 66 name","location 66","device type 66",86370303022051
DVID0000067,"device 67 name","location 67","device type 67",86370303065689
DVID0000068,"device 68 name","location 68","device type 68",86370303062370
DVID0000069,"device 69 name","location 69","device type 69",86370303004825
DVID0000070,"device 70 name","location 70","device type 70",86370303012025
DVID0000071,"device 71 name","location 71","device type 71",86370303010774
DVID0000072,"device 72 name","location 72","device type 72",86370303061112
DVID0000073,"device 73 name","location 73","device type 73",86370303076223
DVID0000074,"device 74 name","location 74","device type 74",86370303075462
DVID0000075,"device 75 name","location 75","device type 75",86370303067394
DVID0000076,"device 76 name","location 76","device type 76",86370303087798
DVID0000077,"device 77 name","location 77","device type 77",86370303034965
DVID0000078,"device 78 name","location 78","device type 78",86370303061532
DVID0000079,"device 79 name","location 79","device type 79",86370303093117
DVID0000080,"device 80 name","location 80","device type 80",86370303023230
DVID0000081,"device 81 name","location 81","device type 81",86370303077040
DVID0000082,"device 82 name","location 82","device type 82",86370303068085
DVID0000083,"device 83 name","location 83","device type 83",86370303085450
DVID0000084,"device 84 name","location 84","device type 84",86370303008592
DVID0000085,"device 85 name","location 85","device type 85",86370303010420
DVID0000086,"device 86 name","location 86","device type 86",86370303046085
DVID0000087,"device 87 name","location 87","device type 87",86370303008316
DVID0000088,"device 88 name","location 88","device type 88",86370303032512
DVID0000089,"device 89 name","location 89","device type 89",86370303025225
DVID0000090,"device 90 name","location 90","device type 90",86370303055740
DVID0000091,"device 91 name","location 91","device type 91",86370303099736
DVID0000092,"device 92 name","location 92","device type 92",86370303058110
DVID0000093,"device 93 name","location 93","device type 93",86370303056325
DVID0000094,"device 94 name","location 94","device type 94",86370303022325
DVID0000095,"device 95 name","location 95","device type 95",86370303012953
DVID0000096,"device 96 name","location 96","device type 96",86370303029772
DVID0000097,"device 97 name","location 97","device type 97",86370303090642
DVID0000098,"device 98 name","location 98","device type 98",86370303082306
DVID0000099,"device 99 name","location 99","device type 99",86370303077927
DVID00000100,"device 100 name","location 100","device type 100",86370303040498
DVID00000101,"device 101 name","location 101","device type 101",86370303087100
DVID00000102,"device 102 name","location 102","device type 102",86370303048798
DVID00000103,"device 103 name","location 103","device type 103",86370303031360
DVID00000104,"device 104 name","location 104","device type 104",86370303093572
DVID00000105,"device 105 name","location 105","device type 105",86370303086732
DVID00000106,"device 106 name","location 106","device type 106",86370303011780
DVID00000107,"device 107 name","location 107","device type 107",86370303063102
DVID00000108,"device 108 name","location 108","device type 108",86370303015384
DVID00000109,"device 109 name","location 109","device type 109",86370303014568
DVID00000110,"device 110 name","location 110","device type 110",86370303079694
DVID00000111,"device 111 name","location 111","device type 111",86370303046407
DVID00000112,"device 112 name","location 112","device type 112",86370303027506
DVID00000113,"device 113 name","location 113","device type 113",86370303088405
DVID00000114,"device 114 name","location 114","device type 114",86370303060646
DVID00000115,"device 115 name","location 115","device type 115",86370303067835
DVID00000116,"device 116 name","location 116","device type 116",86370303064326
DVID00000117,"device 117 name","location 117","device type 117",86370303053721
DVID00000118,"device 118 name","location 118","device type 118",86370303082074
DVID00000119,"device 119 name","location 119","device type 119",86370303095572
DVID00000120,"device 120 name","location 120","device type 120",86370303053420
DVID00000121,"device 121 name","location 121","device type 121",86370303013734
DVID00000122,"device 122 name","location 122","device type 122",86370303033177
DVID00000123,"device 123 name","location 123","device type 123",86370303037144
DVID00000124,"device 124 name","location 124","device type 124",86370303049083
DVID00000125,"device 125 name","location 125","device type 125",86370303012287
DVID00000126,"device 126 name","location 126","device type 126",86370303052663
DVID00000127,"device 127 name","location 127","device type 127",86370303004787
DVID00000128,"device 128 name","location 128","device type 128",86370303053897
DVID00000129,"device 129 name","location 129","device type 129",86370303062509
DVID00000130,"device 130 name","location 130","device type 130",86370303037621
DVID00000131,"device 131 name","location 131","device type 131",86370303097155
DVID00000132,"device 132 name","location 132","device type 132",86370303052657
DVID00000133,"device 133 name","location 133","device type 133",86370303083603
DVID00000134,"device 134 name","location 134","device type 134",86370303052619
DVID00000135,"device 135 name","location 135","device type 135",86370303036129
DVID00000136,"device 136 name","location 136","device type 136",86370303028242
DVID00000137,"device 137 name","location 137","device type 137",86370303036724
DVID00000138,"device 138 name","location 138","device type 138",86370303091877
DVID00000139,"device 139 name","location 139","device type 139",86370303021859
DVID00000140,"device 140 name","location 140","device type 140",86370303098638
DVID00000141,"device 141 name","location 141","device type 141",86370303082982
DVID00000142,"device 142 name","location 142","device type 142",86370303092930
DVID00000143,"device 143 name","location 143","device type 143",86370303017943
DVID00000144,"device 144 name","location 144","device type 144",86370303045530
DVID00000145,"device 145 name","location 145","device type 145",86370303009332
DVID00000146,"device 146 name","location 146","device type 146",86370303072230
DVID00000147,"device 147 name","location 147","device type 147",86370303069704
DVID00000148,"device 148 name","location 148","device type 148",86370303095677
DVID00000149,"device 149 name","location 149","device type 149",86370303054489
DVID00000150,"device 150 name","location 150","device type 150",86370303048625
DVID00000151,"device 151 name","location 151","device type 151",86370303076050
DVID00000152,"device 152 name","location 152","device type 152",86370303008568
DVID00000153,"device 153 name","location 153","device type 153",86370303086733
DVID00000154,"device 154 name","location 154","device type 154",86370303024507
DVID00000155,"device 155 name","location 155","device type 155",86370303026763
DVID00000156,"device 156 name","location 156","device type 156",86370303053922
DVID00000157,"device 157 name","location 157","device type 157",86370303011653
DVID00000158,"device 158 name","location 158","device type 158",86370303082276
DVID00000159,"device 159 name","location 159","device type 159",86370303081284
DVID00000160,"device 160 name","location 160","device type 160",86370303034068
DVID00000161,"device 161 name","location 161","device type 161",86370303006992
DVID00000162,"device 162 name","location 162","device type 162",86370303009204
DVID00000163,"device 163 name","location 163","device type 163",86370303052874
DVID00000164,"device 164 name","location 164","device type 164",86370303076945
DVID00000165,"device 165 name","location 165","device type 165",86370303082538
DVID00000166,"device 166 name","location 166","device type 166",86370303093749
DVID00000167,"device 167 name","location 167","device type 167",86370303043901
DVID00000168,"device 168 name","location 168","device type 168",86370303035785
DVID00000169,"device 169 name","location 169","device type 169",86370303024517
DVID00000170,"device 170 name","location 170","device type 170",86370303039593
DVID00000171,"device 171 name","location 171","device type 171",86370303027601
DVID00000172,"device 172 name","location 172","device type 172",86370303061843
DVID00000173,"device 173 name","location 173","device type 173",86370303060214
DVID00000174,"device 174 name","location 174","device type 174",86370303096932
DVID00000175,"device 175 name","location 175","device type 175",86370303070436
DVID00000176,"device 176 name","location 176","device type 176",86370303020803
DVID00000177,"device 177 name","location 177","device type 177",86370303015234
DVID00000178,"device 178 name","location 178","device type 178",86370303091613
DVID00000179,"device 179 name","location 179","device type 179",86370303039750
DVID00000180,"device 180 name","location 180","device type 180",86370303040055
DVID00000181,"device 181 name","location 181","device type 181",86370303082958
DVID00000182,"device 182 name","location 182","device type 182",86370303009109
DVID00000183,"device 183 name","location 183","device type 183",86370303099407
DVID00000184,"device 184 name","location 184","device type 184",86370303013883
DVID00000185,"device 185 name","location 185","device type 185",86370303061570
DVID00000186,"device 186 name","location 186","device type 186",86370303088586
DVID00000187,"device 187 name","location 187","device type 187",86370303065922
DVID00000188,"device 188 name","location 188","device type 188",86370303059096
DVID00000189,"device 189 name","location 189","device type 189",86370303025855
DVID00000190,"device 190 name","location 190","device type 190",86370303082206
DVID00000191,"device 191 name","location 191","device type 191",86370303016588
DVID00000192,"device 192 name","location 192","device type 192",86370303054447
DVID00000193,"device 193 name","location 193","device type 193",86370303010592
DVID00000194,"device 194 name","location 194","device type 194",86370303087790
DVID00000195,"device 195 name","location 195","device type 195",86370303091645
DVID00000196,"device 196 name","location 196","device type 196",86370303073777
DVID00000197,"device 197 name","location 197","device type 197",86370303040056
DVID00000198,"device 198 name","location 198","device type 198",86370303040996
DVID00000199,"device 199 name","location 199","device type 199",86370303062990
DVID00000200,"device 200 name","location 200","device type 200",86370303015582
DVID00000201,"device 201 name","location 201","device type 201",86370303028329
DVID00000202,"device 202 name","location 202","device type 202",86370303033918
DVID00000203,"device 203 name","location 203","device type 203",86370303071160
DVID00000204,"device 204 name","location 204","device type 204",86370303014895
DVID00000205,"device 205 name","location 205","device type 205",86370303021023
DVID00000206,"device 206 name","location 206","device type 206",86370303014206
DVID00000207,"device 207 name","location 207","device type 207",86370303048353
DVID00000208,"device 208 name","location 208","device type 208",86370303089800
DVID00000209,"device 209 name","location 209","device type 209",86370303054069
DVID00000210,"device 210 name","location 210","device type 210",86370303005960
DVID00000211,"device 211 name","location 211","device type 211",86370303038688
DVID00000212,"device 212 name","location 212","device type 212",86370303020039
DVID00000213,"device 213 name","location 213","device type 213",86370303042525
DVID00000214,"device 214 name","location 214","device type 214",86370303041229
DVID00000215,"device 215 name","location 215","device type 215",86370303051109
DVID00000216,"device 216 name","location 216","device type 216",86370303097882
DVID00000217,"device 217 name","location 217","device type 217",86370303009796
DVID00000218,"device 218 name","location 218","device type 218",86370303038990
DVID00000219,"device 219 name","location 219","device type 219",86370303015375
DVID00000220,"device 220 name","location 220","device type 220",86370303093951
DVID00000221,"device 221 name","location 221","device type 221",86370303027826
DVID00000222,"device 222 name","location 222","device type 222",86370303084804
DVID00000223,"device 223 name","location 223","device type 223",86370303009930
DVID00000224,"device 224 name","location 224","device type 224",86370303042309
DVID00000225,"device 225 name","location 225","device type 225",86370303023005
DVID00000226,"device 226 name","location 226","device type 226",86370303073153
DVID00000227,"device 227 name","location 227","device type 227",86370303051251
DVID00000228,"device 228 name","location 228","device type 228",86370303072422
DVID00000229,"device 229 name","location 229","device type 229",86370303005286
DVID00000230,"device 230 name","location 230","device type 230",86370303096658
DVID00000231,"device 231 name","location 231","device type 231",86370303080745
DVID00000232,"device 232 name","location 232","device type 232",86370303074236
DVID00000233,"device 233 name","location 233","device type 233",86370303028623
DVID00000234,"device 234 name","location 234","device type 234",86370303024167
DVID00000235,"device 235 name","location 235","device type 235",86370303011725
DVID00000236,"device 236 name","location 236","device type 236",86370303049040
DVID00000237,"device 237 name","location 237","device type 237",86370303037947
DVID00000238,"device 238 name","location 238","device type 238",86370303084512
DVID00000239,"device 239 name","location 239","device type 239",86370303092858
DVID00000240,"device 240 name","location 240","device type 240",86370303047363
DVID00000241,"device 241 name","location 241","device type 241",86370303040233
DVID00000242,"device 242 name","location 242","device type 242",86370303076121
DVID00000243,"device 243 name","location 243","device type 243",86370303005026
DVID00000244,"device 244 name","location 244","device type 244",86370303019894
DVID00000245,"device 245 name","location 245","device type 245",86370303043518
DVID00000246,"device 246 name","location 246","device type 246",86370303096547
DVID00000247,"device 247 name","location 247","device type 247",86370303011921
DVID00000248,"device 248 name","location 248","device type 248",86370303069361
DVID00000249,"device 249 name","location 249","device type 249",86370303036681
DVID00000250,"device 250 name","location 250","device type 250",86370303093761
DVID00000251,"device 251 name","location 251","device type 251",86370303063981
DVID00000252,"device 252 name","location 252","device type 252",86370303001065
DVID00000253,"device 253 name","location 253","device type 253",86370303025621
DVID00000254,"device 254 name","location 254","device type 254",86370303069038
DVID00000255,"device 255 name","location 255","device type 255",86370303087755
DVID00000256,"device 256 name","location 256","device type 256",86370303043524
DVID00000257,"device 257 name","location 257","device type 257",86370303023987
DVID00000258,"device 258 name","location 258","device type 258",86370303028850
DVID00000259,"device 259 name","location 259","device type 259",86370303091888
DVID00000260,"device 260 name","location 260","device type 260",86370303047869
DVID00000261,"device 261 name","location 261","device type 261",86370303062954
DVID00000262,"device 262 name","location 262","device type 262",86370303075929
DVID00000263,"device 263 name","location 263","device type 263",86370303084514
DVID00000264,"device 264 name","location 264","device type 264",86370303057410
DVID00000265,"device 265 name","location 265","device type 265",86370303025213
DVID00000266,"device 266 name","location 266","device type 266",86370303064450
DVID00000267,"device 267 name","location 267","device type 267",86370303091414
DVID00000268,"device 268 name","location 268","device type 268",86370303018358
DVID00000269,"device 269 name","location 269","device type 269",86370303029503
DVID00000270,"device 270 name","location 270","device type 270",86370303002068
DVID00000271,"device 271 name","location 271","device type 271",86370303059934
DVID00000272,"device 272 name","location 272","device type 272",86370303025282
DVID00000273,"device 273 name","location 273","device type 273",86370303046131
DVID00000274,"device 274 name","location 274","device type 274",86370303068010
DVID00000275,"device 275 name","location 275","device type 275",86370303053717
DVID00000276,"device 276 name","location 276","device type 276",86370303051703
DVID00000277,"device 277 name","location 277","device type 277",86370303079777
DVID00000278,"device 278 name","location 278","device type 278",86370303090034
DVID00000279,"device 279 name","location 279","device type 279",86370303098789
DVID00000280,"device 280 name","location 280","device type 280",86370303026457
DVID00000281,"device 281 name","location 281","device type 281",86370303061232
DVID00000282,"device 282 name","location 282","device type 282",86370303081888
DVID00000283,"device 283 name","location 283","device type 283",86370303035741
DVID00000284,"device 284 name","location 284","device type 284",86370303011523
DVID00000285,"device 285 name","location 285","device type 285",86370303032676
DVID00000286,"device 286 name","location 286","device type 286",86370303079679
DVID00000287,"device 287 name","location 287","device type 287",86370303048614
DVID00000288,"device 288 name","location 288","device type 288",86370303059584
DVID00000289,"device 289 name","location 289","device type 289",86370303036411
DVID00000290,"device 290 name","location 290","device type 290",86370303068200
DVID00000291,"device 291 name","location 291","device type 291",86370303025052
DVID00000292,"device 292 name","location 292","device type 292",86370303009097
DVID00000293,"device 293 name","location 293","device type 293",86370303092622
DVID00000294,"device 294 name","location 294","device type 294",86370303044989
DVID00000295,"device 295 name","location 295","device type 295",86370303084408
DVID00000296,"device 296 name","location 296","device type 296",86370303064303
DVID00000297,"device 297 name","location 297","device type 297",86370303091606
DVID00000298,"device 298 name","location 298","device type 298",86370303047614
DVID00000299,"device 299 name","location 299","device type 299",86370303094680
DVID00000300,"device 300 name","location 300","device type 300",86370303079066
DVID00000301,"device 301 name","location 301","device type 301",86370303005132
DVID00000302,"device 302 name","location 302","device type 302",86370303093562
DVID00000303,"device 303 name","location 303","device type 303",86370303039858
DVID00000304,"device 304 name","location 304","device type 304",86370303034612
DVID00000305,"device 305 name","location 305","device type 305",86370303033826
DVID00000306,"device 306 name","location 306","device type 306",86370303038698
DVID00000307,"device 307 name","location 307","device type 307",86370303054933
DVID00000308,"device 308 name","location 308","device type 308",86370303057609
DVID00000309,"device 309 name","location 309","device type 309",86370303015320
DVID00000310,"device 310 name","location 310","device type 310",86370303036051
DVID00000311,"device 311 name","location 311","device type 311",86370303063745
DVID00000312,"device 312 name","location 312","device type 312",86370303033952
DVID00000313,"device 313 name","location 313","device type 313",86370303030059
DVID00000314,"device 314 name","location 314","device type 314",86370303065431
DVID00000315,"device 315 name","location 315","device type 315",86370303086635
DVID00000316,"device 316 name","location 316","device type 316",86370303081064
DVID00000317,"device 317 name","location 317","device type 317",86370303040187
DVID00000318,"device 318 name","location 318","device type 318",86370303072990
DVID00000319,"device 319 name","location 319","device type 319",86370303024733
DVID00000320,"device 320 name","location 320","device type 320",86370303045532
DVID00000321,"device 321 name","location 321","device type 321",86370303015835
DVID00000322,"device 322 name","location 322","device type 322",86370303031830
DVID00000323,"device 323 name","location 323","device type 323",86370303081945
DVID00000324,"device 324 name","location 324","device type 324",86370303061302
DVID00000325,"device 325 name","location 325","device type 325",86370303077015
DVID00000326,"device 326 name","location 326","device type 326",86370303050837
DVID00000327,"device 327 name","location 327","device type 327",86370303032659
DVID00000328,"device 328 name","location 328","device type 328",86370303001142
DVID00000329,"device 329 name","location 329","device type 329",86370303083600
DVID00000330,"device 330 name","location 330","device type 330",86370303089413
DVID00000331,"device 331 name","location 331","device type 331",86370303060096
DVID00000332,"device 332 name","location 332","device type 332",86370303032163
DVID00000333,"device 333 name","location 333","device type 333",86370303095353
DVID00000334,"device 334 name","location 334","device type 334",86370303019722
DVID00000335,"device 335 name","location 335","device type 335",86370303021324
DVID00000336,"device 336 name","location 336","device type 336",86370303067669
DVID00000337,"device 337 name","location 337","device type 337",86370303042030
DVID00000338,"device 338 name","location 338","device type 338",86370303001129
DVID00000339,"device 339 name","location 339","device type 339",86370303077695
DVID00000340,"device 340 name","location 340","device type 340",86370303093977
DVID00000341,"device 341 name","location 341","device type 341",86370303024746
DVID00000342,"device 342 name","location 342","device type 342",86370303091004
DVID00000343,"device 343 name","location 343","device type 343",86370303044263
DVID00000344,"device 344 name","location 344","device type 344",86370303000359
DVID00000345,"device 345 name","location 345","device type 345",86370303004454
DVID00000346,"device 346 name","location 346","device type 346",86370303091098
DVID00000347,"device 347 name","location 347","device type 347",86370303079036
DVID00000348,"device 348 name","location 348","device type 348",86370303027191
DVID00000349,"device 349 name","location 349","device type 349",86370303058352
DVID00000350,"device 350 name","location 350","device type 350",86370303003344
DVID00000351,"device 351 name","location 351","device type 351",86370303024115
DVID00000352,"device 352 name","location 352","device type 352",86370303018615
DVID00000353,"device 353 name","location 353","device type 353",86370303022880
DVID00000354,"device 354 name","location 354","device type 354",86370303049147
DVID00000355,"device 355 name","location 355","device type 355",86370303063230
DVID00000356,"device 356 name","location 356","device type 356",86370303073300
DVID00000357,"device 357 name","location 357","device type 357",86370303011616
DVID00000358,"device 358 name","location 358","device type 358",86370303078555
DVID00000359,"device 359 name","location 359","device type 359",86370303057595
DVID00000360,"device 360 name","location 360","device type 360",86370303082988
DVID00000361,"device 361 name","location 361","device type 361",86370303006039
DVID00000362,"device 362 name","location 362","device type 362",86370303053790
DVID00000363,"device 363 name","location 363","device type 363",86370303074008
DVID00000364,"device 364 name","location 364","device type 364",86370303025906
DVID00000365,"device 365 name","location 365","device type 365",86370303075953
DVID00000366,"device 366 name","location 366","device type 366",86370303031582
DVID00000367,"device 367 name","location 367","device type 367",86370303038597
DVID00000368,"device 368 name","location 368","device type 368",86370303010336
DVID00000369,"device 369 name","location 369","device type 369",86370303044106
DVID00000370,"device 370 name","location 370","device type 370",86370303018966
DVID00000371,"device 371 name","location 371","device type 371",86370303039033
DVID00000372,"device 372 name","location 372","device type 372",86370303039058
DVID00000373,"device 373 name","location 373","device type 373",86370303095294
DVID00000374,"device 374 name","location 374","device type 374",86370303030755
DVID00000375,"device 375 name","location 375","device type 375",86370303020786
DVID00000376,"device 376 name","location 376","device type 376",86370303024830
DVID00000377,"device 377 name","location 377","device type 377",86370303087566
DVID00000378,"device 378 name","location 378","device type 378",86370303081585
DVID00000379,"device 379 name","location 379","device type 379",86370303056847
DVID00000380,"device 380 name","location 380","device type 380",86370303085915
DVID00000381,"device 381 name","location 381","device type 381",86370303071800
DVID00000382,"device 382 name","location 382","device type 382",86370303005467
DVID00000383,"device 383 name","location 383","device type 383",86370303042788
DVID00000384,"device 384 name","location 384","device type 384",86370303080256
DVID00000385,"device 385 name","location 385","device type 385",86370303065297
DVID00000386,"device 386 name","location 386","device type 386",86370303041481
DVID00000387,"device 387 name","location 387","device type 387",86370303009282
DVID00000388,"device 388 name","location 388","device type 388",86370303046206
DVID00000389,"device 389 name","location 389","device type 389",86370303056490
DVID00000390,"device 390 name","location 390","device type 390",86370303048022
DVID00000391,"device 391 name","location 391","device type 391",86370303056052
DVID00000392,"device 392 name","location 392","device type 392",86370303063474
DVID00000393,"device 393 name","location 393","device type 393",86370303043532
DVID00000394,"device 394 name","location 394","device type 394",86370303094706
DVID00000395,"device 395 name","location 395","device type 395",86370303087938
DVID00000396,"device 396 name","location 396","device type 396",86370303070954
DVID00000397,"device 397 name","location 397","device type 397",86370303016996
DVID00000398,"device 398 name","location 398","device type 398",86370303018356
DVID00000399,"device 399 name","location 399","device type 399",86370303024405
DVID00000400,"device 400 name","location 400","device type 400",86370303072871
DVID00000401,"device 401 name","location 401","device type 401",86370303052501
DVID00000402,"device 402 name","location 402","device type 402",86370303068699
DVID00000403,"device 403 name","location 403","device type 403",86370303083083
DVID00000404,"device 404 name","location 404","device type 404",86370303039386
DVID00000405,"device 405 name","location 405","device type 405",86370303064309
DVID00000406,"device 406 name","location 406","device type 406",86370303085056
DVID00000407,"device 407 name","location 407","device type 407",86370303023320
DVID00000408,"device 408 name","location 408","device type 408",86370303092124
DVID00000409,"device 409 name","location 409","device type 409",86370303028360
DVID00000410,"device 410 name","location 410","device type 410",86370303038400
DVID00000411,"device 411 name","location 411","device type 411",86370303085732
DVID00000412,"device 412 name","location 412","device type 412",86370303030030
DVID00000413,"device 413 name","location 413","device type 413",86370303021707
DVID00000414,"device 414 name","location 414","device type 414",86370303071678
DVID00000415,"device 415 name","location 415","device type 415",86370303011188
DVID00000416,"device 416 name","location 416","device type 416",86370303000571
DVID00000417,"device 417 name","location 417","device type 417",86370303011002
DVID00000418,"device 418 name","location 418","device type 418",86370303093750
DVID00000419,"device 419 name","location 419","device type 419",86370303060608
DVID00000420,"device 420 name","location 420","device type 420",86370303034472
DVID00000421,"device 421 name","location 421","device type 421",86370303022299
DVID00000422,"device 422 name","location 422","device type 422",86370303092390
DVID00000423,"device 423 name","location 423","device type 423",86370303053845
DVID00000424,"device 424 name","location 424","device type 424",86370303096083
DVID00000425,"device 425 name","location 425","device type 425",86370303062912
DVID00000426,"device 426 name","location 426","device type 426",86370303075558
DVID00000427,"device 427 name","location 427","device type 427",86370303095524
DVID00000428,"device 428 name","location 428","device type 428",86370303000587
DVID00000429,"device 429 name","location 429","device type 429",86370303042815
DVID00000430,"device 430 name","location 430","device type 430",86370303049830
DVID00000431,"device 431 name","location 431","device type 431",86370303007834
DVID00000432,"device 432 name","location 432","device type 432",86370303069210
DVID00000433,"device 433 name","location 433","device type 433",86370303057180
DVID00000434,"device 434 name","location 434","device type 434",86370303083974
DVID00000435,"device 435 name","location 435","device type 435",86370303033414
DVID00000436,"device 436 name","location 436","device type 436",86370303003100
DVID00000437,"device 437 name","location 437","device type 437",86370303022382
DVID00000438,"device 438 name","location 438","device type 438",86370303003402
DVID00000439,"device 439 name","location 439","device type 439",86370303015946
DVID00000440,"device 440 name","location 440","device type 440",86370303080239
DVID00000441,"device 441 name","location 441","device type 441",86370303018161
DVID00000442,"device 442 name","location 442","device type 442",86370303017157
DVID00000443,"device 443 name","location 443","device type 443",86370303017845
DVID00000444,"device 444 name","location 444","device type 444",86370303018090
DVID00000445,"device 445 name","location 445","device type 445",86370303062288
DVID00000446,"device 446 name","location 446","device type 446",86370303026022
DVID00000447,"device 447 name","location 447","device type 447",86370303041766
DVID00000448,"device 448 name","location 448","device type 448",86370303071853
DVID00000449,"device 449 name","location 449","device type 449",86370303083517
DVID00000450,"device 450 name","location 450","device type 450",86370303087366
DVID00000451,"device 451 name","location 451","device type 451",86370303059952
DVID00000452,"device 452 name","location 452","device type 452",86370303023244
DVID00000453,"device 453 name","location 453","device type 453",86370303057747
DVID00000454,"device 454 name","location 454","device type 454",86370303089932
DVID00000455,"device 455 name","location 455","device type 455",86370303050572
DVID00000456,"device 456 name","location 456","device type 456",86370303060109
DVID00000457,"device 457 name","location 457","device type 457",86370303014854
DVID00000458,"device 458 name","location 458","device type 458",86370303086999
DVID00000459,"device 459 name","location 459","device type 459",86370303076472
DVID00000460,"device 460 name","location 460","device type 460",86370303088749
DVID00000461,"device 461 name","location 461","device type 461",86370303089531
DVID00000462,"device 462 name","location 462","device type 462",86370303022732
DVID00000463,"device 463 name","location 463","device type 463",86370303049308
DVID00000464,"device 464 name","location 464","device type 464",86370303078529
DVID00000465,"device 465 name","location 465","device type 465",86370303030565
DVID00000466,"device 466 name","location 466","device type 466",86370303016522
DVID00000467,"device 467 name","location 467","device type 467",86370303072848
DVID00000468,"device 468 name","location 468","device type 468",86370303037731
DVID00000469,"device 469 name","location 469","device type 469",86370303038263
DVID00000470,"device 470 name","location 470","device type 470",86370303008087
DVID00000471,"device 471 name","location 471","device type 471",86370303078188
DVID00000472,"device 472 name","location 472","device type 472",86370303007599
DVID00000473,"device 473 name","location 473","device type 473",86370303077804
DVID00000474,"device 474 name","location 474","device type 474",86370303080367
DVID00000475,"device 475 name","location 475","device type 475",86370303016311
DVID00000476,"device 476 name","location 476","device type 476",86370303005142
DVID00000477,"device 477 name","location 477","device type 477",86370303074544
DVID00000478,"device 478 name","location 478","device type 478",86370303035754
DVID00000479,"device 479 name","location 479","device type 479",86370303033794
DVID00000480,"device 480 name","location 480","device type 480",86370303036889
DVID00000481,"device 481 name","location 481","device type 481",86370303033792
DVID00000482,"device 482 name","location 482","device type 482",86370303023670
DVID00000483,"device 483 name","location 483","device type 483",86370303017068
DVID00000484,"device 484 name","location 484","device type 484",86370303055448
DVID00000485,"device 485 name","location 485","device type 485",86370303089876
DVID00000486,"device 486 name","location 486","device type 486",86370303084589
DVID00000487,"device 487 name","location 487","device type 487",86370303011462
DVID00000488,"device 488 name","location 488","device type 488",86370303067246
DVID00000489,"device 489 name","location 489","device type 489",86370303033402
DVID00000490,"device 490 name","location 490","device type 490",86370303073304
DVID00000491,"device 491 name","location 491","device type 491",86370303088245
DVID00000492,"device 492 name","location 492","device type 492",86370303035382
DVID00000493,"device 493 name","location 493","device type 493",86370303026928
DVID00000494,"device 494 name","location 494","device type 494",86370303027195
DVID00000495,"device 495 name","location 495","device type 495",86370303090707
DVID00000496,"device 496 name","location 496","device type 496",86370303095427
DVID00000497,"device 497 name","location 497","device type 497",86370303067847
DVID00000498,"device 498 name","location 498","device type 498",86370303039315
DVID00000499,"device 499 name","location 499","device type 499",86370303087524
DVID00000500,"device 500 name","location 500","device type 500",86370303045765
DVID00000501,"device 501 name","location 501","device type 501",86370303053172
DVID00000502,"device 502 name","location 502","device type 502",86370303004034
DVID00000503,"device 503 name","location 503","device type 503",86370303033589
DVID00000504,"device 504 name","location 504","device type 504",86370303075430
DVID00000505,"device 505 name","location 505","device type 505",86370303009178
DVID00000506,"device 506 name","location 506","device type 506",86370303052353
DVID00000507,"device 507 name","location 507","device type 507",86370303045439
DVID00000508,"device 508 name","location 508","device type 508",86370303077379
DVID00000509,"device 509 name","location 509","device type 509",86370303073621
DVID00000510,"device 510 name","location 510","device type 510",86370303045429
DVID00000511,"device 511 name","location 511","device type 511",86370303085564
DVID00000512,"device 512 name","location 512","device type 512",86370303079099
DVID00000513,"device 513 name","location 513","device type 513",86370303053204
DVID00000514,"device 514 name","location 514","device type 514",86370303039583
DVID00000515,"device 515 name","location 515","device type 515",86370303054957
DVID00000516,"device 516 name","location 516","device type 516",86370303065860
DVID00000517,"device 517 name","location 517","device type 517",86370303005663
DVID00000518,"device 518 name","location 518","device type 518",86370303093859
DVID00000519,"device 519 name","location 519","device type 519",86370303088651
DVID00000520,"device 520 name","location 520","device type 520",86370303045974
DVID00000521,"device 521 name","location 521","device type 521",86370303005060
DVID00000522,"device 522 name","location 522","device type 522",86370303005601
DVID00000523,"device 523 name","location 523","device type 523",86370303004329
DVID00000524,"device 524 name","location 524","device type 524",86370303064958
DVID00000525,"device 525 name","location 525","device type 525",86370303019841
DVID00000526,"device 526 name","location 526","device type 526",86370303042805
DVID00000527,"device 527 name","location 527","device type 527",86370303080669
DVID00000528,"device 528 name","location 528","device type 528",86370303050608
DVID00000529,"device 529 name","location 529","device type 529",86370303089659
DVID00000530,"device 530 name","location 530","device type 530",86370303020882
DVID00000531,"device 531 name","location 531","device type 531",86370303037293
DVID00000532,"device 532 name","location 532","device type 532",86370303035229
DVID00000533,"device 533 name","location 533","device type 533",86370303048229
DVID00000534,"device 534 name","location 534","device type 534",86370303088027
DVID00000535,"device 535 name","location 535","device type 535",86370303083715
DVID00000536,"device 536 name","location 536","device type 536",86370303029757
DVID00000537,"device 537 name","location 537","device type 537",86370303090079
DVID00000538,"device 538 name","location 538","device type 538",86370303041637
DVID00000539,"device 539 name","location 539","device type 539",86370303046270
DVID00000540,"device 540 name","location 540","device type 540",86370303037523
DVID00000541,"device 541 name","location 541","device type 541",86370303039150
DVID00000542,"device 542 name","location 542","device type 542",86370303034082
DVID00000543,"device 543 name","location 543","device type 543",86370303093624
DVID00000544,"device 544 name","location 544","device type 544",86370303087971
DVID00000545,"device 545 name","location 545","device type 545",86370303087739
DVID00000546,"device 546 name","location 546","device type 546",86370303009146
DVID00000547,"device 547 name","location 547","device type 547",86370303082176
DVID00000548,"device 548 name","location 548","device type 548",86370303087344
DVID00000549,"device 549 name","location 549","device type 549",86370303072237
DVID00000550,"device 550 name","location 550","device type 550",86370303024846
DVID00000551,"device 551 name","location 551","device type 551",86370303089763
DVID00000552,"device 552 name","location 552","device type 552",86370303073987
DVID00000553,"device 553 name","location 553","device type 553",86370303050662
DVID00000554,"device 554 name","location 554","device type 554",86370303041549
DVID00000555,"device 555 name","location 555","device type 555",86370303040705
DVID00000556,"device 556 name","location 556","device type 556",86370303047571
DVID00000557,"device 557 name","location 557","device type 557",86370303099704
DVID00000558,"device 558 name","location 558","device type 558",86370303068630
DVID00000559,"device 559 name","location 559","device type 559",86370303055588
DVID00000560,"device 560 name","location 560","device type 560",86370303066371
DVID00000561,"device 561 name","location 561","device type 561",86370303071682
DVID00000562,"device 562 name","location 562","device type 562",86370303094829
DVID00000563,"device 563 name","location 563","device type 563",86370303087719
DVID00000564,"device 564 name","location 564","device type 564",86370303052738
DVID00000565,"device 565 name","location 565","device type 565",86370303008135
DVID00000566,"device 566 name","location 566","device type 566",86370303050334
DVID00000567,"device 567 name","location 567","device type 567",86370303030870
DVID00000568,"device 568 name","location 568","device type 568",86370303065175
DVID00000569,"device 569 name","location 569","device type 569",86370303055866
DVID00000570,"device 570 name","location 570","device type 570",86370303025200
DVID00000571,"device 571 name","location 571","device type 571",86370303075780
DVID00000572,"device 572 name","location 572","device type 572",86370303064025
DVID00000573,"device 573 name","location 573","device type 573",86370303047589
DVID00000574,"device 574 name","location 574","device type 574",86370303051127
DVID00000575,"device 575 name","location 575","device type 575",86370303006824
DVID00000576,"device 576 name","location 576","device type 576",86370303070976
DVID00000577,"device 577 name","location 577","device type 577",86370303011976
DVID00000578,"device 578 name","location 578","device type 578",86370303016356
DVID00000579,"device 579 name","location 579","device type 579",86370303077218
DVID00000580,"device 580 name","location 580","device type 580",86370303010695
DVID00000581,"device 581 name","location 581","device type 581",86370303060627
DVID00000582,"device 582 name","location 582","device type 582",86370303093323
DVID00000583,"device 583 name","location 583","device type 583",86370303078370
DVID00000584,"device 584 name","location 584","device type 584",86370303064812
DVID00000585,"device 585 name","location 585","device type 585",86370303031117
DVID00000586,"device 586 name","location 586","device type 586",86370303063305
DVID00000587,"device 587 name","location 587","device type 587",86370303084565
DVID00000588,"device 588 name","location 588","device type 588",86370303006679
DVID00000589,"device 589 name","location 589","device type 589",86370303047321
DVID00000590,"device 590 name","location 590","device type 590",86370303036144
DVID00000591,"device 591 name","location 591","device type 591",86370303030051
DVID00000592,"device 592 name","location 592","device type 592",86370303021449
DVID00000593,"device 593 name","location 593","device type 593",86370303086047
DVID00000594,"device 594 name","location 594","device type 594",86370303079897
DVID00000595,"device 595 name","location 595","device type 595",86370303065840
DVID00000596,"device 596 name","location 596","device type 596",86370303044319
DVID00000597,"device 597 name","location 597","device type 597",86370303046362
DVID00000598,"device 598 name","location 598","device type 598",86370303040886
DVID00000599,"device 599 name","location 599","device type 599",86370303079836
DVID00000600,"device 600 name","location 600","device type 600",86370303037404
DVID00000601,"device 601 name","location 601","device type 601",86370303078274
DVID00000602,"device 602 name","location 602","device type 602",86370303017000
DVID00000603,"device 603 name","location 603","device type 603",86370303031478
DVID00000604,"device 604 name","location 604","device type 604",86370303047036
DVID00000605,"device 605 name","location 605","device type 605",86370303049065
DVID00000606,"device 606 name","location 606","device type 606",86370303025738
DVID00000607,"device 607 name","location 607","device type 607",86370303026398
DVID00000608,"device 608 name","location 608","device type 608",86370303099533
DVID00000609,"device 609 name","location 609","device type 609",86370303034724
DVID00000610,"device 610 name","location 610","device type 610",86370303069727
DVID00000611,"device 611 name","location 611","device type 611",86370303035595
DVID00000612,"device 612 name","location 612","device type 612",86370303083348
DVID00000613,"device 613 name","location 613","device type 613",86370303091410
DVID00000614,"device 614 name","location 614","device type 614",86370303044892
DVID00000615,"device 615 name","location 615","device type 615",86370303005743
DVID00000616,"device 616 name","location 616","device type 616",86370303078357
DVID00000617,"device 617 name","location 617","device type 617",86370303016459
DVID00000618,"device 618 name","location 618","device type 618",86370303022906
DVID00000619,"device 619 name","location 619","device type 619",86370303021620
DVID00000620,"device 620 name","location 620","device type 620",86370303044829
DVID00000621,"device 621 name","location 621","device type 621",86370303065768
DVID00000622,"device 622 name","location 622","device type 622",86370303024190
DVID00000623,"device 623 name","location 623","device type 623",86370303017853
DVID00000624,"device 624 name","location 624","device type 624",86370303019721
DVID00000625,"device 625 name","location 625","device type 625",86370303095147
DVID00000626,"device 626 name","location 626","device type 626",86370303054330
DVID00000627,"device 627 name","location 627","device type 627",86370303077976
DVID00000628,"device 628 name","location 628","device type 628",86370303067690
DVID00000629,"device 629 name","location 629","device type 629",86370303085286
DVID00000630,"device 630 name","location 630","device type 630",86370303062504
DVID00000631,"device 631 name","location 631","device type 631",86370303024614
DVID00000632,"device 632 name","location 632","device type 632",86370303071088
DVID00000633,"device 633 name","location 633","device type 633",86370303036519
DVID00000634,"device 634 name","location 634","device type 634",86370303039814
DVID00000635,"device 635 name","location 635","device type 635",86370303032419
DVID00000636,"device 636 name","location 636","device type 636",86370303043626
DVID00000637,"device 637 name","location 637","device type 637",86370303061845
DVID00000638,"device 638 name","location 638","device type 638",86370303031333
DVID00000639,"device 639 name","location 639","device type 639",86370303015747
DVID00000640,"device 640 name","location 640","device type 640",86370303005379
DVID00000641,"device 641 name","location 641","device type 641",86370303036907
DVID00000642,"device 642 name","location 642","device type 642",86370303085030
DVID00000643,"device 643 name","location 643","device type 643",86370303071954
DVID00000644,"device 644 name","location 644","device type 644",86370303077593
DVID00000645,"device 645 name","location 645","device type 645",86370303000549
DVID00000646,"device 646 name","location 646","device type 646",86370303046702
DVID00000647,"device 647 name","location 647","device type 647",86370303030037
DVID00000648,"device 648 name","location 648","device type 648",86370303041155
DVID00000649,"device 649 name","location 649","device type 649",86370303074153
DVID00000650,"device 650 name","location 650","device type 650",86370303087481
DVID00000651,"device 651 name","location 651","device type 651",86370303027859
DVID00000652,"device 652 name","location 652","device type 652",86370303023455
DVID00000653,"device 653 name","location 653","device type 653",86370303019265
DVID00000654,"device 654 name","location 654","device type 654",86370303035006
DVID00000655,"device 655 name","location 655","device type 655",86370303071635
DVID00000656,"device 656 name","location 656","device type 656",86370303054084
DVID00000657,"device 657 name","location 657","device type 657",86370303099145
DVID00000658,"device 658 name","location 658","device type 658",86370303011757
DVID00000659,"device 659 name","location 659","device type 659",86370303051888
DVID00000660,"device 660 name","location 660","device type 660",86370303094733
DVID00000661,"device 661 name","location 661","device type 661",86370303047761
DVID00000662,"device 662 name","location 662","device type 662",86370303058706
DVID00000663,"device 663 name","location 663","device type 663",86370303014247
DVID00000664,"device 664 name","location 664","device type 664",86370303072219
DVID00000665,"device 665 name","location 665","device type 665",86370303045113
DVID00000666,"device 666 name","location 666","device type 666",86370303064505
DVID00000667,"device 667 name","location 667","device type 667",86370303046829
DVID00000668,"device 668 name","location 668","device type 668",86370303051596
DVID00000669,"device 669 name","location 669","device type 669",86370303012473
DVID00000670,"device 670 name","location 670","device type 670",86370303062115
DVID00000671,"device 671 name","location 671","device type 671",86370303016512
DVID00000672,"device 672 name","location 672","device type 672",86370303085124
DVID00000673,"device 673 name","location 673","device type 673",86370303007158
DVID00000674,"device 674 name","location 674","device type 674",86370303016241
DVID00000675,"device 675 name","location 675","device type 675",86370303007921
DVID00000676,"device 676 name","location 676","device type 676",86370303080736
DVID00000677,"device 677 name","location 677","device type 677",86370303052235
DVID00000678,"device 678 name","location 678","device type 678",86370303040259
DVID00000679,"device 679 name","location 679","device type 679",86370303019171
DVID00000680,"device 680 name","location 680","device type 680",86370303048445
DVID00000681,"device 681 name","location 681","device type 681",86370303024293
DVID00000682,"device 682 name","location 682","device type 682",86370303036821
DVID00000683,"device 683 name","location 683","device type 683",86370303093536
DVID00000684,"device 684 name","location 684","device type 684",86370303097804
DVID00000685,"device 685 name","location 685","device type 685",86370303034644
DVID00000686,"device 686 name","location 686","device type 686",86370303001159
DVID00000687,"device 687 name","location 687","device type 687",86370303051823
DVID00000688,"device 688 name","location 688","device type 688",86370303001512
DVID00000689,"device 689 name","location 689","device type 689",86370303068178
DVID00000690,"device 690 name","location 690","device type 690",86370303078334
DVID00000691,"device 691 name","location 691","device type 691",86370303044480
DVID00000692,"device 692 name","location 692","device type 692",86370303050088
DVID00000693,"device 693 name","location 693","device type 693",86370303079444
DVID00000694,"device 694 name","location 694","device type 694",86370303021013
DVID00000695,"device 695 name","location 695","device type 695",86370303057616
DVID00000696,"device 696 name","location 696","device type 696",86370303078200
DVID00000697,"device 697 name","location 697","device type 697",86370303070783
DVID00000698,"device 698 name","location 698","device type 698",86370303099733
DVID00000699,"device 699 name","location 699","device type 699",86370303032479
DVID00000700,"device 700 name","location 700","device type 700",86370303036043
DVID00000701,"device 701 name","location 701","device type 701",86370303099872
DVID00000702,"device 702 name","location 702","device type 702",86370303078439
DVID00000703,"device 703 name","location 703","device type 703",86370303028681
DVID00000704,"device 704 name","location 704","device type 704",86370303012037
DVID00000705,"device 705 name","location 705","device type 705",86370303070968
DVID00000706,"device 706 name","location 706","device type 706",86370303042733
DVID00000707,"device 707 name","location 707","device type 707",86370303016297
DVID00000708,"device 708 name","location 708","device type 708",86370303003023
DVID00000709,"device 709 name","location 709","device type 709",86370303027084
DVID00000710,"device 710 name","location 710","device type 710",86370303090897
DVID00000711,"device 711 name","location 711","device type 711",86370303001849
DVID00000712,"device 712 name","location 712","device type 712",86370303058885
DVID00000713,"device 713 name","location 713","device type 713",86370303092584
DVID00000714,"device 714 name","location 714","device type 714",86370303003442
DVID00000715,"device 715 name","location 715","device type 715",86370303070439
DVID00000716,"device 716 name","location 716","device type 716",86370303010940
DVID00000717,"device 717 name","location 717","device type 717",86370303065168
DVID00000718,"device 718 name","location 718","device type 718",86370303016441
DVID00000719,"device 719 name","location 719","device type 719",86370303037574
DVID00000720,"device 720 name","location 720","device type 720",86370303043954
DVID00000721,"device 721 name","location 721","device type 721",86370303012681
DVID00000722,"device 722 name","location 722","device type 722",86370303045316
DVID00000723,"device 723 name","location 723","device type 723",86370303083417
DVID00000724,"device 724 name","location 724","device type 724",86370303034138
DVID00000725,"device 725 name","location 725","device type 725",86370303017635
DVID00000726,"device 726 name","location 726","device type 726",86370303066423
DVID00000727,"device 727 name","location 727","device type 727",86370303005680
DVID00000728,"device 728 name","location 728","device type 728",86370303086143
DVID00000729,"device 729 name","location 729","device type 729",86370303058624
DVID00000730,"device 730 name","location 730","device type 730",86370303029720
DVID00000731,"device 731 name","location 731","device type 731",86370303009952
DVID00000732,"device 732 name","location 732","device type 732",86370303052500
DVID00000733,"device 733 name","location 733","device type 733",86370303007779
DVID00000734,"device 734 name","location 734","device type 734",86370303083127
DVID00000735,"device 735 name","location 735","device type 735",86370303048572
DVID00000736,"device 736 name","location 736","device type 736",86370303045852
DVID00000737,"device 737 name","location 737","device type 737",86370303008139
DVID00000738,"device 738 name","location 738","device type 738",86370303081499
DVID00000739,"device 739 name","location 739","device type 739",86370303026835
DVID00000740,"device 740 name","location 740","device type 740",86370303091909
DVID00000741,"device 741 name","location 741","device type 741",86370303084860
DVID00000742,"device 742 name","location 742","device type 742",86370303048800
DVID00000743,"device 743 name","location 743","device type 743",86370303074426
DVID00000744,"device 744 name","location 744","device type 744",86370303077279
DVID00000745,"device 745 name","location 745","device type 745",86370303076484
DVID00000746,"device 746 name","location 746","device type 746",86370303085593
DVID00000747,"device 747 name","location 747","device type 747",86370303057502
DVID00000748,"device 748 name","location 748","device type 748",86370303076001
DVID00000749,"device 749 name","location 749","device type 749",86370303050572
DVID00000750,"device 750 name","location 750","device type 750",86370303046676
DVID00000751,"device 751 name","location 751","device type 751",86370303013031
DVID00000752,"device 752 name","location 752","device type 752",86370303054341
DVID00000753,"device 753 name","location 753","device type 753",86370303062158
DVID00000754,"device 754 name","location 754","device type 754",86370303088524
DVID00000755,"device 755 name","location 755","device type 755",86370303023362
DVID00000756,"device 756 name","location 756","device type 756",86370303054555
DVID00000757,"device 757 name","location 757","device type 757",86370303095021
DVID00000758,"device 758 name","location 758","device type 758",86370303094542
DVID00000759,"device 759 name","location 759","device type 759",86370303094400
DVID00000760,"device 760 name","location 760","device type 760",86370303004545
DVID00000761,"device 761 name","location 761","device type 761",86370303037053
DVID00000762,"device 762 name","location 762","device type 762",86370303030152
DVID00000763,"device 763 name","location 763","device type 763",86370303044397
DVID00000764,"device 764 name","location 764","device type 764",86370303097363
DVID00000765,"device 765 name","location 765","device type 765",86370303080944
DVID00000766,"device 766 name","location 766","device type 766",86370303049347
DVID00000767,"device 767 name","location 767","device type 767",86370303051105
DVID00000768,"device 768 name","location 768","device type 768",86370303009457
DVID00000769,"device 769 name","location 769","device type 769",86370303054869
DVID00000770,"device 770 name","location 770","device type 770",86370303024587
DVID00000771,"device 771 name","location 771","device type 771",86370303002801
DVID00000772,"device 772 name","location 772","device type 772",86370303083668
DVID00000773,"device 773 name","location 773","device type 773",86370303089605
DVID00000774,"device 774 name","location 774","device type 774",86370303045664
DVID00000775,"device 775 name","location 775","device type 775",86370303059092
DVID00000776,"device 776 name","location 776","device type 776",86370303063879
DVID00000777,"device 777 name","location 777","device type 777",86370303070889
DVID00000778,"device 778 name","location 778","device type 778",86370303006137
DVID00000779,"device 779 name","location 779","device type 779",86370303057652
DVID00000780,"device 780 name","location 780","device type 780",86370303032041
DVID00000781,"device 781 name","location 781","device type 781",86370303008920
DVID00000782,"device 782 name","location 782","device type 782",86370303029677
DVID00000783,"device 783 name","location 783","device type 783",86370303035571
DVID00000784,"device 784 name","location 784","device type 784",86370303011948
DVID00000785,"device 785 name","location 785","device type 785",86370303016689
DVID00000786,"device 786 name","location 786","device type 786",86370303055610
DVID00000787,"device 787 name","location 787","device type 787",86370303090340
DVID00000788,"device 788 name","location 788","device type 788",86370303019254
DVID00000789,"device 789 name","location 789","device type 789",86370303059764
DVID00000790,"device 790 name","location 790","device type 790",86370303094015
DVID00000791,"device 791 name","location 791","device type 791",86370303050829
DVID00000792,"device 792 name","location 792","device type 792",86370303013595
DVID00000793,"device 793 name","location 793","device type 793",86370303087097
DVID00000794,"device 794 name","location 794","device type 794",86370303022290
DVID00000795,"device 795 name","location 795","device type 795",86370303054855
DVID00000796,"device 796 name","location 796","device type 796",86370303054708
DVID00000797,"device 797 name","location 797","device type 797",86370303004402
DVID00000798,"device 798 name","location 798","device type 798",86370303077062
DVID00000799,"device 799 name","location 799","device type 799",86370303096333
DVID00000800,"device 800 name","location 800","device type 800",86370303027137
DVID00000801,"device 801 name","location 801","device type 801",86370303034487
DVID00000802,"device 802 name","location 802","device type 802",86370303048045
DVID00000803,"device 803 name","location 803","device type 803",86370303021131
DVID00000804,"device 804 name","location 804","device type 804",86370303025985
DVID00000805,"device 805 name","location 805","device type 805",86370303043875
DVID00000806,"device 806 name","location 806","device type 806",86370303029361
DVID00000807,"device 807 name","location 807","device type 807",86370303064735
DVID00000808,"device 808 name","location 808","device type 808",86370303016494
DVID00000809,"device 809 name","location 809","device type 809",86370303029432
DVID00000810,"device 810 name","location 810","device type 810",86370303059481
DVID00000811,"device 811 name","location 811","device type 811",86370303083665
DVID00000812,"device 812 name","location 812","device type 812",86370303088883
DVID00000813,"device 813 name","location 813","device type 813",86370303036890
DVID00000814,"device 814 name","location 814","device type 814",86370303062358
DVID00000815,"device 815 name","location 815","device type 815",86370303095623
DVID00000816,"device 816 name","location 816","device type 816",86370303007376
DVID00000817,"device 817 name","location 817","device type 817",86370303094579
DVID00000818,"device 818 name","location 818","device type 818",86370303032449
DVID00000819,"device 819 name","location 819","device type 819",86370303080673
DVID00000820,"device 820 name","location 820","device type 820",86370303025334
DVID00000821,"device 821 name","location 821","device type 821",86370303059006
DVID00000822,"device 822 name","location 822","device type 822",86370303031851
DVID00000823,"device 823 name","location 823","device type 823",86370303049691
DVID00000824,"device 824 name","location 824","device type 824",86370303060853
DVID00000825,"device 825 name","location 825","device type 825",86370303073756
DVID00000826,"device 826 name","location 826","device type 826",86370303089204
DVID00000827,"device 827 name","location 827","device type 827",86370303096570
DVID00000828,"device 828 name","location 828","device type 828",86370303067314
DVID00000829,"device 829 name","location 829","device type 829",86370303090807
DVID00000830,"device 830 name","location 830","device type 830",86370303004383
DVID00000831,"device 831 name","location 831","device type 831",86370303059476
DVID00000832,"device 832 name","location 832","device type 832",86370303093825
DVID00000833,"device 833 name","location 833","device type 833",86370303009803
DVID00000834,"device 834 name","location 834","device type 834",86370303030515
DVID00000835,"device 835 name","location 835","device type 835",86370303097553
DVID00000836,"device 836 name","location 836","device type 836",86370303060874
DVID00000837,"device 837 name","location 837","device type 837",86370303008545
DVID00000838,"device 838 name","location 838","device type 838",86370303009585
DVID00000839,"device 839 name","location 839","device type 839",86370303068072
DVID00000840,"device 840 name","location 840","device type 840",86370303087326
DVID00000841,"device 841 name","location 841","device type 841",86370303090873
DVID00000842,"device 842 name","location 842","device type 842",86370303073846
DVID00000843,"device 843 name","location 843","device type 843",86370303089820
DVID00000844,"device 844 name","location 844","device type 844",86370303000283
DVID00000845,"device 845 name","location 845","device type 845",86370303010350
DVID00000846,"device 846 name","location 846","device type 846",86370303061945
DVID00000847,"device 847 name","location 847","device type 847",86370303076704
DVID00000848,"device 848 name","location 848","device type 848",86370303024738
DVID00000849,"device 849 name","location 849","device type 849",86370303026666
DVID00000850,"device 850 name","location 850","device type 850",86370303047479
DVID00000851,"device 851 name","location 851","device type 851",86370303060127
DVID00000852,"device 852 name","location 852","device type 852",86370303071952
DVID00000853,"device 853 name","location 853","device type 853",86370303096387
DVID00000854,"device 854 name","location 854","device type 854",86370303070999
DVID00000855,"device 855 name","location 855","device type 855",86370303068129
DVID00000856,"device 856 name","location 856","device type 856",86370303002635
DVID00000857,"device 857 name","location 857","device type 857",86370303098353
DVID00000858,"device 858 name","location 858","device type 858",86370303060277
DVID00000859,"device 859 name","location 859","device type 859",86370303052227
DVID00000860,"device 860 name","location 860","device type 860",86370303054669
DVID00000861,"device 861 name","location 861","device type 861",86370303032790
DVID00000862,"device 862 name","location 862","device type 862",86370303097420
DVID00000863,"device 863 name","location 863","device type 863",86370303025685
DVID00000864,"device 864 name","location 864","device type 864",86370303025049
DVID00000865,"device 865 name","location 865","device type 865",86370303000004
DVID00000866,"device 866 name","location 866","device type 866",86370303089838
DVID00000867,"device 867 name","location 867","device type 867",86370303079080
DVID00000868,"device 868 name","location 868","device type 868",86370303006374
DVID00000869,"device 869 name","location 869","device type 869",86370303064804
DVID00000870,"device 870 name","location 870","device type 870",86370303034749
DVID00000871,"device 871 name","location 871","device type 871",86370303098829
DVID00000872,"device 872 name","location 872","device type 872",86370303084993
DVID00000873,"device 873 name","location 873","device type 873",86370303064376
DVID00000874,"device 874 name","location 874","device type 874",86370303093346
DVID00000875,"device 875 name","location 875","device type 875",86370303034460
DVID00000876,"device 876 name","location 876","device type 876",86370303085158
DVID00000877,"device 877 name","location 877","device type 877",86370303042030
DVID00000878,"device 878 name","location 878","device type 878",86370303049407
DVID00000879,"device 879 name","location 879","device type 879",86370303050502
DVID00000880,"device 880 name","location 880","device type 880",86370303011811
DVID00000881,"device 881 name","location 881","device type 881",86370303012499
DVID00000882,"device 882 name","location 882","device type 882",86370303071831
DVID00000883,"device 883 name","location 883","device type 883",86370303040648
DVID00000884,"device 884 name","location 884","device type 884",86370303043328
DVID00000885,"device 885 name","location 885","device type 885",86370303044254
DVID00000886,"device 886 name","location 886","device type 886",86370303087523
DVID00000887,"device 887 name","location 887","device type 887",86370303097436
DVID00000888,"device 888 name","location 888","device type 888",86370303038802
DVID00000889,"device 889 name","location 889","device type 889",86370303062384
DVID00000890,"device 890 name","location 890","device type 890",86370303094918
DVID00000891,"device 891 name","location 891","device type 891",86370303062519
DVID00000892,"device 892 name","location 892","device type 892",86370303048266
DVID00000893,"device 893 name","location 893","device type 893",86370303057357
DVID00000894,"device 894 name","location 894","device type 894",86370303013402
DVID00000895,"device 895 name","location 895","device type 895",86370303054536
DVID00000896,"device 896 name","location 896","device type 896",86370303093451
DVID00000897,"device 897 name","location 897","device type 897",86370303048161
DVID00000898,"device 898 name","location 898","device type 898",86370303064770
DVID00000899,"device 899 name","location 899","device type 899",86370303000279
DVID00000900,"device 900 name","location 900","device type 900",86370303020511
DVID00000901,"device 901 name","location 901","device type 901",86370303082863
DVID00000902,"device 902 name","location 902","device type 902",86370303070329
DVID00000903,"device 903 name","location 903","device type 903",86370303059933
DVID00000904,"device 904 name","location 904","device type 904",86370303091915
DVID00000905,"device 905 name","location 905","device type 905",86370303048648
DVID00000906,"device 906 name","location 906","device type 906",86370303075133
DVID00000907,"device 907 name","location 907","device type 907",86370303007575
DVID00000908,"device 908 name","location 908","device type 908",86370303003041
DVID00000909,"device 909 name","location 909","device type 909",86370303036538
DVID00000910,"device 910 name","location 910","device type 910",86370303082970
DVID00000911,"device 911 name","location 911","device type 911",86370303060603
DVID00000912,"device 912 name","location 912","device type 912",86370303048945
DVID00000913,"device 913 name","location 913","device type 913",86370303009775
DVID00000914,"device 914 name","location 914","device type 914",86370303040416
DVID00000915,"device 915 name","location 915","device type 915",86370303042169
DVID00000916,"device 916 name","location 916","device type 916",86370303060957
DVID00000917,"device 917 name","location 917","device type 917",86370303056771
DVID00000918,"device 918 name","location 918","device type 918",86370303082356
DVID00000919,"device 919 name","location 919","device type 919",86370303080794
DVID00000920,"device 920 name","location 920","device type 920",86370303012479
DVID00000921,"device 921 name","location 921","device type 921",86370303092400
DVID00000922,"device 922 name","location 922","device type 922",86370303040277
DVID00000923,"device 923 name","location 923","device type 923",86370303043989
DVID00000924,"device 924 name","location 924","device type 924",86370303069885
DVID00000925,"device 925 name","location 925","device type 925",86370303072228
DVID00000926,"device 926 name","location 926","device type 926",86370303050563
DVID00000927,"device 927 name","location 927","device type 927",86370303027636
DVID00000928,"device 928 name","location 928","device type 928",86370303050974
DVID00000929,"device 929 name","location 929","device type 929",86370303038809
DVID00000930,"device 930 name","location 930","device type 930",86370303041007
DVID00000931,"device 931 name","location 931","device type 931",86370303036997
DVID00000932,"device 932 name","location 932","device type 932",86370303077258
DVID00000933,"device 933 name","location 933","device type 933",86370303049128
DVID00000934,"device 934 name","location 934","device type 934",86370303029991
DVID00000935,"device 935 name","location 935","device type 935",86370303028946
DVID00000936,"device 936 name","location 936","device type 936",86370303042169
DVID00000937,"device 937 name","location 937","device type 937",86370303011898
DVID00000938,"device 938 name","location 938","device type 938",86370303048731
DVID00000939,"device 939 name","location 939","device type 939",86370303094678
DVID00000940,"device 940 name","location 940","device type 940",86370303069120
DVID00000941,"device 941 name","location 941","device type 941",86370303079948
DVID00000942,"device 942 name","location 942","device type 942",86370303094395
DVID00000943,"device 943 name","location 943","device type 943",86370303002264
DVID00000944,"device 944 name","location 944","device type 944",86370303079412
DVID00000945,"device 945 name","location 945","device type 945",86370303034314
DVID00000946,"device 946 name","location 946","device type 946",86370303013573
DVID00000947,"device 947 name","location 947","device type 947",86370303038491
DVID00000948,"device 948 name","location 948","device type 948",86370303016940
DVID00000949,"device 949 name","location 949","device type 949",86370303071231
DVID00000950,"device 950 name","location 950","device type 950",86370303093577
DVID00000951,"device 951 name","location 951","device type 951",86370303036680
DVID00000952,"device 952 name","location 952","device type 952",86370303065803
DVID00000953,"device 953 name","location 953","device type 953",86370303083975
DVID00000954,"device 954 name","location 954","device type 954",86370303087798
DVID00000955,"device 955 name","location 955","device type 955",86370303028109
DVID00000956,"device 956 name","location 956","device type 956",86370303042586
DVID00000957,"device 957 name","location 957","device type 957",86370303026339
DVID00000958,"device 958 name","location 958","device type 958",86370303090047
DVID00000959,"device 959 name","location 959","device type 959",86370303019687
DVID00000960,"device 960 name","location 960","device type 960",86370303098084
DVID00000961,"device 961 name","location 961","device type 961",86370303047496
DVID00000962,"device 962 name","location 962","device type 962",86370303056600
DVID00000963,"device 963 name","location 963","device type 963",86370303064230
DVID00000964,"device 964 name","location 964","device type 964",86370303095530
DVID00000965,"device 965 name","location 965","device type 965",86370303045972
DVID00000966,"device 966 name","location 966","device type 966",86370303083344
DVID00000967,"device 967 name","location 967","device type 967",86370303099816
DVID00000968,"device 968 name","location 968","device type 968",86370303079782
DVID00000969,"device 969 name","location 969","device type 969",86370303011470
DVID00000970,"device 970 name","location 970","device type 970",86370303000000
DVID00000971,"device 971 name","location 971","device type 971",86370303049059
DVID00000972,"device 972 name","location 972","device type 972",86370303008040
DVID00000973,"device 973 name","location 973","device type 973",86370303087676
DVID00000974,"device 974 name","location 974","device type 974",86370303011674
DVID00000975,"device 975 name","location 975","device type 975",86370303032530
DVID00000976,"device 976 name","location 976","device type 976",86370303098004
DVID00000977,"device 977 name","location 977","device type 977",86370303038013
DVID00000978,"device 978 name","location 978","device type 978",86370303064575
DVID00000979,"device 979 name","location 979","device type 979",86370303035570
DVID00000980,"device 980 name","location 980","device type 980",86370303058654
DVID00000981,"device 981 name","location 981","device type 981",86370303012071
DVID00000982,"device 982 name","location 982","device type 982",86370303010696
DVID00000983,"device 983 name","location 983","device type 983",86370303079742
DVID00000984,"device 984 name","location 984","device type 984",86370303045231
DVID00000985,"device 985 name","location 985","device type 985",86370303004327
DVID00000986,"device 986 name","location 986","device type 986",86370303071192
DVID00000987,"device 987 name","location 987","device type 987",86370303093282
DVID00000988,"device 988 name","location 988","device type 988",86370303061328
DVID00000989,"device 989 name","location 989","device type 989",86370303001882
DVID00000990,"device 990 name","location 990","device type 990",86370303086358
DVID00000991,"device 991 name","location 991","device type 991",86370303015829
DVID00000992,"device 992 name","location 992","device type 992",86370303021849
DVID00000993,"device 993 name","location 993","device type 993",86370303029044
DVID00000994,"device 994 name","location 994","device type 994",86370303096592
DVID00000995,"device 995 name","location 995","device type 995",86370303021623
DVID00000996,"device 996 name","location 996","device type 996",86370303023347
DVID00000997,"device 997 name","location 997","device type 997",86370303030164
DVID00000998,"device 998 name","location 998","device type 998",86370303006732
DVID00000999,"device 999 name","location 999","device type 999",86370303033440
DVID001000,"device 1000 name","location 1000","device type 1000",86370303050969
